IDPlantaReparacion,CompanyNombre,Direccion,Direccion2,Ciudad,Estado,CodigoPostal,Pais,TelefonoAlmacen,FaxAlmacen,CorreoContacto,NombreContacto,TelefonoContacto,TituloTrabajo,AlmacenKeystone,IDPredio,LocalizadorCotizacion,FechaAgregado,IDEmpresa,ValidacionSeguro,Activo,CreadoPor,ActualizadoPor,UltimaFechaActualizacion
0000002611,Moncadplan International ,85 White Clarendon Street,Suite 14,Rochester,Florida,22080,US,475-5574426,462-930-9384,ufclxeu.scdqpvwoh@vtor.bkaang.org,Alyssa Henson,170160-1648,Dr,,125,125,2003-03-01 07:11:24.760000000,004,False,False,Linda,Aaron,
0000004662,Emglibaquax Holdings ,945 Rocky First Drive,Suite 7,Columbus,Iowa,59586,US,701-5356101,548613-9211,ylypqm@corddv.net,Kristine Olsen,6400756931,Mr,081,106,3081,2012-02-10 02:13:19.370000000,001,False,False,Gustavo,,
0000010701,Tupsapistor WorldWide ,958 South Second Boulevard, Group,Birmingham,South Dakota,26336,US,4530005564,335-121-9145,ujfu.tspyww@mqldlls.hxgqlv.org,Lara Paul,719095-4125,Ms,,,3,2009-06-12 20:36:05.270000000,001,False,False,John,,2007-10-23 01:29:32.680000000
0000011346,Rapkilplan  Corp.,56 North Nobel Way,Appartment 7,Memphis,Michigan,53766,US,2982018345,514936-4999,cbubv.kcalbwr@nsxnfbgwv.ygiwjt.com,Stephanie Mckay,1773335540,Mr,279,350,3279,2004-07-17 11:51:21.370000000,001,False,False,Sherry,,
0000017606,Addudower WorldWide Company,499 South Fabien Street,Truman Building,Buffalo,Kentucky,09644,US,0046439349,572804-1325,bmjygqr.jkkq@jetaxc.net,,980800-0249,Mr,,854,854,2002-04-19 16:43:06.850000000,004,False,False,Daryl,Curtis,
0000023312,Zeewerpazz Direct ,35 First Road,2nd Floor,Atlanta,Wisconsin,31708,US,1883547112,956-811-6159,rtcdnoxm.yjhd@zayx.bpeksp.com,Terrence Best,691-9199226,Mr,,790,1790,2004-11-06 00:58:35.730000000,004,False,True,Paul,Ivan,2014-04-19 00:10:14.090000000
0000025745,Emwerpin Holdings ,143 East Rocky Clarendon Freeway,Suite 5,Yonkers,Illinois,69050,CA,517935-2874,995-197-4553,baxbhv14@xyqbnad.ntsphn.com,Jayson Moses,7858999181,Dr,270,000,1264,2014-04-03 07:36:27.870000000,002,False,True,Meghan,,
0000028241,Supmunover Direct Corp.,882 White Fabien Road,5th Floor,Little Rock,New Hampshire,58739,US,492698-9112,388-5594764,hbdp.heawrfsigi@iqaatb.org,Wayne Goodwin,112050-3430,Miss,,729,729,2013-09-10 22:51:09.200000000,004,False,True,Wallace,Gordon,2006-10-03 06:42:46.430000000
0000031049,Rewerpistor  ,114 Green Oak Drive,Sanger Building,Hialeah,Alabama,25321,US,9924565930,3401428501,xihorh20@vbsl.zhzwdt.com,Bobbie Ho,7014898765,Mr,,740,1740,2001-07-23 07:11:21.970000000,004,True,True,Jeffrey,,
0000031925,Klivenicator  ,55 East Oak Boulevard,Appartment 221,Shreveport,Tennessee,67284,US,043-137-2656,5828636708,htfce544@oilpvj.org,Gwendolyn Elliott,393-816-3301,Mrs.,,790,1790,2014-10-11 13:15:59.920000000,004,False,True,Brandy,Cesar,
0000035474,Bartanackistor  ,488 South Hague Street,Suite 488,Shreveport,Washington,54094,US,826-426-4218,072-2061105,lrcndqv.jotue@rk--sd.org,Nora Boyer,475-160-7564,Mr,,730,1730,2009-05-26 19:45:39.820000000,004,True,True,Ben,,
0000035859,Surpebicator Holdings ,57 New Avenue,Suite 5,Boston,Iowa,34109,US,322676-8626,542-693-4698,bjqn.uaxfrqpud@ylglw.kxlxoh.org,Angie Bates,7961518873,Mrs,,790,1790,2017-09-01 15:03:25.680000000,004,True,True,Tiffany,,
0000037133,Lomsipover International ,30 West Green New St.,Foster Building,Tucson,Texas,63543,US,446308-8020,329331-1448,qksvd.eofpl@vheygg.org,Elijah Mills,5139995396,Dr,,723,1723,2015-11-07 18:13:12.300000000,004,True,True,Jordan,Cindy,
0000038473,Lompickedor  ,616 White Oak Blvd.,APT 46,Atlanta,Delaware,48132,US,6196672218,5313274110,vdvgo6@csvs.fhmnqu.net,Bobby York,372-335-2328,Mr,,790,1790,2007-10-02 14:27:00.620000000,004,False,True,Eli,,2008-05-19 22:06:44.710000000
0000039231,Parglibepex WorldWide Inc,542 Nobel Drive,Suite 639,Oakland,Montana,69017,US,339-421-5309,362-2219007,zpolq.ppubla@ewvu.gkuvar.com,Kenya Garrison,7755382879,Mrs,145,170,3145,2005-01-06 02:32:06.150000000,001,True,True,Christian,Franklin,
0000051512,Grofropazz International ,17 Green Fabien Avenue,APT 202,Bakersfield,Texas,10766,CN,607731-6872,811-025-5051,kgbshkct2@xwjtrz.yeuwdp.com,Stephen Castaneda,0551743489,Mrs.,,910,910,2014-12-19 20:05:37.160000000,004,False,True,Anne,,
0000059271,Hapvenanax  Corp.,326 Second Avenue,Suite 273,Montgomery,Pennsylvania,68090,US,250-2387918,542-768-5335,eljgc.azst@gjtd.yvnfgw.net,Kenny Williamson,676-687-4797,Mr,,785,1785,2016-10-16 06:32:37.020000000,004,True,True,Pablo,,2009-02-07 15:58:10.400000000
0000059455,Zeewerpistor International ,139 West White Hague Blvd.,Truman Building,Houston,Pennsylvania,84597,US,543722-4267,481601-6854,rfcr592@iaefnxgjm.rhiymx.net,Rachelle Garner,178462-2645,Dr.,,790,1790,2016-01-13 02:02:06.220000000,004,False,True,Ruth,,
0000061185,Klikilonin WorldWide ,830 White Old Street,2nd Floor,Jackson,Georgia,35802,US,9136801117,3205508927,ptwsuwa@fqbxp.phz-sf.net,Summer Sparks,712-620-3910,Mr,091,,3091,2004-03-15 05:14:05.140000000,001,True,True,Stefanie,Adriana,2008-10-04 01:01:14.710000000
0000061873,Unmunentor International ,95 East Old Avenue,Post Sales Group,Philadelphia,Nevada,30862,US,123-9808623,4393494870,oadpgcxt.vscmxuxke@gyfukm.org,Robert Park,376413-4510,Ms,095,700,3095,2008-08-02 21:47:25.020000000,001,True,True,Lee,,2004-11-13 19:09:24.510000000
0000062777,Reerower  Group,230 North New Parkway,Appartment 7,Akron,Wisconsin,20637,US,881-2075626,916549-5717,kvoq377@-dyftk.com,Donnell Atkinson,763-9873980,Mr,,337,1337,2000-03-30 06:15:31.140000000,004,True,False,Sidney,,
0000070330,Wintanistor International Corp.,228 West Rocky Milton Freeway,Suite 1,Akron,West Virginia,86456,US,751-7086857,478-5643633,ueekud.xvoopy@wfwk.saadla.net,Juan Cantu,206405-3836,Mr,,330,1330,2008-04-11 21:16:07.350000000,004,False,True,Marla,Ruben,
0000074104,Upbanollover International Company,84 White Hague Freeway,Truman Building,St. Petersburg,Oregon,89974,US,470-8202724,680271-2488,xowvwqe.bsqltwfing@vusjvh.net,Shelia Espinoza,091-6085582,Mr,,790,1790,2008-07-16 21:12:45.220000000,004,False,False,Karl,Pete,
0000074816,Zeerobefantor International ,33 New St.,1st Floor,Riverside,Georgia,31365,US,457-9336562,982-7452070,zdsuaypz7@meixlssw.itkgzb.com,Chadwick Travis,1143075314,Mr,,790,1790,2008-05-03 11:09:07.690000000,004,False,False,Derrick,Garrett,
0000074987,Zeesipazz Holdings Group,86 West Hague Avenue,After Sales Group,Garland,Mississippi,69303,US,182-129-5524,193-1981648,buckst.zamyiavm@oihzeu.com,Joanna Weeks,467999-6303,Ms.,,312,312,2013-09-28 19:15:37.090000000,004,True,False,Bethany,Trevor,2015-06-23 03:28:56.290000000
0000075093,Emrobicator WorldWide Company,90 White Clarendon Avenue,Einstein Building,St. Louis,Oklahoma,21236,CN,8808461990,382-946-2149,jscqr869@aanu.uqovuu.com,Robert Hawkins,7163553283,Mr,,960,960,2002-06-16 05:44:34.700000000,004,False,True,Judy,,2016-07-03 22:56:07.460000000
0000076996,Haprobazz International ,36 North Green Fabien Blvd.,28th Floor,Louisville,Michigan,43216,US,167-0649632,465-1044361,nytv.kweogaze@onueft.net,Lawrence Ballard,844-1120156,Mr,,540,1540,2004-03-26 22:45:30.690000000,004,False,True,Bryce,,
0000078615,Rappickilantor WorldWide Company,70 Green Oak Road,Post Sales Group,Fort Wayne,California,73028,US,726820-4668,7660696248,fssdjxxa.kunaesmwor@o-agvj.net,Levi Vance,482735-1051,Dr.,,790,1790,2006-05-15 02:28:25.570000000,004,True,True,Monte,Marcy,
0000085118,Klimunedgicator Direct Group,710 White Old Boulevard,Suite 2824,Akron,Idaho,55977,US,6272623215,4453960799,ikmbv.uvouumc@xjscqp.net,Everett Shepherd,868970-4740,Dr,,510,1510,2006-01-29 13:32:20.510000000,004,False,True,Lynn,,2013-10-11 10:19:53.030000000
0000088608,Uppebover Holdings ,81 North Oak Boulevard,Sales Department,San Jose,Alaska,21902,US,740044-8549,547809-3531,onuhj.tfalda@olvpbe.org,Fernando Russell,7179871399,Dr,,790,1790,2010-09-04 07:38:59.410000000,004,False,True,Teddy,,2007-09-24 08:33:35.740000000
0000090313,Tupzapex Direct ,66 Rocky Hague Boulevard,Suite 2331,Colorado,Alaska,93860,US,233-732-8320,657-6302770,rfyptas.ynid@fee-pm.net,Cameron Newton,662-5739204,Dr.,,770,1770,2012-06-22 16:13:17.380000000,004,False,True,Glenn,Susana,2003-07-06 05:09:25.590000000
0000092454,Tuptumeficator  ,60 North White Second Street,844th Floor,Atlanta,Illinois,15900,US,527-992-4601,6613884213,tuyja533@gtnbxq.com,Toni Wang,859-3448593,Mr,051,580,3051,2009-02-21 17:17:15.890000000,001,True,False,Beth,,2016-05-23 03:09:25.460000000
0000092988,Uptinilicator  ,70 New Boulevard,Pre Sales Department,Little Rock,Ohio,94909,US,259-975-0856,816-391-4826,fbfpl.htwxljuhtj@jxwcip.adhs-l.net,Jorge Mosley,243691-3805,Mr,,375,375,2012-05-14 04:41:20.380000000,004,True,False,Sophia,,2018-03-14 19:10:28.650000000
0000096406,Rebanover International Inc,75 Green Cowley Drive,,Mobile,Connecticut,58822,US,118-579-4949,4722344339,gezanyf07@ps-z-z.net,Rose Nichols,256-3437057,Mr,,288,288,2018-02-23 08:33:47.370000000,004,True,True,Hannah,Gustavo,
0000096414,Supkilazz Holdings ,634 Second St.,Franklin Building,Riverside,Illinois,06341,US,7259436856,111024-8597,bdmpkb@gpdtha.org,Gabriel Proctor,748055-1351,Miss.,,790,1790,2000-08-21 06:01:16.210000000,004,True,False,Sara,,2008-10-14 00:52:26.530000000
0000096785,Klizapantor International ,38 Rocky Hague Avenue,Pre Sales Group,Indianapolis,Utah,03363,CA,442-041-5922,5215241998,awvl@yaawvtg.k-evzm.net,Darren Raymond,919-621-8206,Dr,828,000,1828,2009-07-10 07:42:26.510000000,002,True,True,Ruth,Kyle,2002-08-03 02:45:28.890000000
0000100449,Hapdudover  ,45 White Old Road,Appartment 658,Tacoma,Wisconsin,78965,US,951-019-4749,6328656585,qegwa@swsnuk.org,Kimberly Whitehead,696-3164667,Ms.,,338,338,2017-10-26 12:15:51.280000000,004,True,False,Tim,Irma,2005-04-02 11:39:54.570000000
0000102742,Dopdudedower WorldWide ,622 Cowley Freeway,2nd Floor,Arlington,West Virginia,67150,US,987-128-7655,775-8966829,sqphti01@ynqbjb.net,Quentin Downs,260-540-2720,Mr,,106,1106,2011-10-29 07:03:07.450000000,004,True,False,Alexander,Beth,2004-10-30 10:28:46.400000000
0000103076,Rapglibefor  ,230 East White Nobel Drive,Appartment 66,Grand Rapids,Vermont,11397,US,454-362-8426,5525124384,ciwcnis.lfljwl@maynt.pkabyv.net,Claudia Farley,357487-9555,Mr,,715,1715,2000-09-17 15:43:20.650000000,004,False,True,Sherman,,2010-07-30 01:34:29.720000000
0000114601,Rappickexistor Holdings Company,22 Hague Parkway,Customer Group,Garland,Alaska,27007,US,263080-9603,6547883930,lthtqyp12@zxwdtf.org,Manuel Callahan,148-836-4312,Dr.,,730,1730,2005-10-17 10:03:49.820000000,004,False,True,Israel,,
0000127726,Thrutanicator  ,330 White Clarendon Avenue,Appartment 819,Indianapolis,Pennsylvania,31064,US,5737772109,8898351165,ahheavx6@oszhcs.com,Antonio Gallagher,824-578-9566,Mr,,790,1790,2007-02-27 23:49:00.540000000,004,True,True,Roderick,,2009-06-22 13:03:32.820000000
0000127754,Barnipedar  ,663 Rocky Old Way,Suite 3557,Albuquerque,Alabama,46410,US,184-010-5045,655-145-5754,kekxv.noqkt@zljrpe.com,Gabrielle Rowe,660-6691263,Mr,,715,715,2007-01-24 11:08:57.470000000,004,True,False,Cara,Darrin,
0000128923,Partumonover  ,855 Green Oak Avenue,APT 451,Portland,Kentucky,15534,US,0861714206,098-3560216,kipxddr@dfctanfr.mgxhjs.org,Glen Miles,7337039180,Miss.,,144,144,2017-10-14 11:07:22.160000000,004,False,False,Earl,,
0000136718,Varweradazz International ,55 Hague Drive,Suite 1564,Phoenix,Hawaii,14935,US,143979-4419,056-4852680,xipbsvc720@qrfeuz.xwfoaj.com,Lawanda Prince,425-589-9492,Mr,,321,1321,2015-11-26 05:11:11.810000000,004,False,True,Jo,,2016-04-14 19:02:16.410000000
0000136927,Windimower Direct ,223 Clarendon Parkway,Customer Department,Tacoma,New York,96807,US,793-1406290,600075-3835,bkxtclcp@zltpzw.com,Iris Williams,773-8776782,Dr,842,540,3842,2006-05-08 14:43:52.650000000,001,False,False,Anna,,2002-09-23 06:38:16.880000000
0000147162,Trucadefover  Company,836 North First St.,Suite 686,Tulsa,Colorado,14861,US,595165-0506,956765-9281,ccspdp701@upctyu.net,Kelley Cardenas,2207274401,Mr,,788,1788,2011-09-23 01:26:12.510000000,004,False,False,Sammy,Katrina,
0000147867,Inkilor  Company,26 Fabien Road,Roosevelt Building,Little Rock,North Dakota,12260,US,157270-9280,4349651907,wjrxj9@ibfile.com,Tonya Beck,858-325-6962,Dr,,395,395,2010-03-05 15:32:56.240000000,004,False,True,Tommy,,
0000148965,Updudazz Holdings ,565 West White Second Boulevard,Jefferson Building,Rochester,Washington,66094,US,820-7123533,8881959244,ysdzc@vqqg.siqnij.com,Erick Lucero,887148-4735,Mr,,745,1745,2003-05-29 02:06:55.690000000,004,False,True,Marcia,,2010-02-04 04:26:38.680000000
0000152533,Qwituman  ,818 Rocky Oak Road,2nd Floor,Omaha,Oregon,04421,US,103456-2022,2110701690,lebgwxwe.mzpbzhh@egjysr.org,Ronda Ritter,470089-1135,Dr.,,360,360,2004-11-05 10:21:23.130000000,004,True,True,Arthur,,2004-01-10 07:46:09.570000000
0000158555,Repebonistor WorldWide ,61 Green Oak Parkway,APT 99,Oakland,Utah,02484,US,605854-5657,6809533283,azerhwa.rbsu@-rnvcm.org,Christine Allen,7353012639,Dr.,,790,1790,2013-07-23 09:18:20.950000000,004,True,True,Drew,,2004-12-06 02:11:58.040000000
0000158731,Dopquestentor WorldWide ,23 Milton Parkway,Pre Sales Group,Miami,Minnesota,55862,US,911271-1775,306-179-7544,bdfdt@xvukdn.com,Jocelyn May,528-855-7127,Dr,,790,1790,2006-03-06 13:45:21.720000000,004,False,True,Roderick,Norma,2008-11-03 22:31:54.570000000
0000163716,Uphupimower Direct Group,39 Fabien Freeway,Customer Group,Phoenix,Arizona,28358,US,5416768555,,jpxjud058@vyhval.net,Marty Donovan,1303251188,Mr,,360,1360,2001-12-08 23:00:02.070000000,004,False,True,Todd,,2010-12-14 00:16:08.760000000
0000173499,Lommunommicator  ,95 Milton Drive,APT 76,Tulsa,Vermont,21993,US,5102971210,759990-0061,qieo747@yjvc.nspjke.com,Samantha Randolph,537-5096198,Dr,,360,360,2004-12-27 18:32:24.240000000,004,False,False,Sharon,,
0000174715,Zeepebower Holdings Company,84 South Green Old Road,APT 28,Virginia Beach,Florida,19137,US,702-1758206,444-061-3007,nhxer.uxpibhizo@mqqc.nhksb-.org,Craig Alvarado,2722854747,Miss.,,570,1570,2019-05-08 21:42:51.900000000,004,True,True,Jeffery,,
0000176706,Klipebicator  ,21 Oak Street,Hamilton Building,Baton Rouge,Minnesota,71741,US,8078371934,5834664321,sqchf2@uewkvs.com,Shanna Robles,214-801-1485,Mrs.,,100,100,2013-08-19 06:04:27.230000000,004,False,False,Jill,Rachael,2018-10-24 04:24:21.720000000
0000177442,Suphupimex Holdings Inc,23 Rocky Nobel Drive,Pre Sales Group,Phoenix,New York,44282,US,7595587903,5098123588,ixtsn.sadkjapi@tmdytl.net,Taryn Chambers,0839300535,Dr,,710,710,2009-04-13 22:11:37.440000000,004,True,True,Milton,,
0000178327,Qwiwerpentor WorldWide Corp.,73 White Clarendon Parkway,Suite 1,Arlington,Idaho,96612,US,423-0337805,217-1472441,fqnggu.fgug@dwgv.mlilyk.com,David Ray,0244216004,Mr,007,100,3007,2005-10-27 21:19:24.260000000,001,False,True,Miriam,,2010-06-25 14:42:36.900000000
0000179611,Zeeglibilar WorldWide Corp.,344 Milton St.,Post Sales Group,Des Moines,Washington,96693,US,0689646267,353011-3276,mfzw.clegjqxya@olqc.zrihfc.org,Marianne Cohen,5306064537,Ms.,,591,1591,2001-10-08 10:27:58.850000000,004,False,True,Lydia,Bret,2012-11-13 05:22:31.450000000
0000180457,Updudaquantor  Inc,77 Green Oak St.,APT 19,Fremont,Georgia,68575,US,6101108461,472382-9485,hewfu.uhcfx@nmnwmu.org,Alison Becker,498-789-9808,Mr,044,502,3051,2015-10-09 16:59:53,001,True,True,Brock,Colleen,
0000184389,Endhupax International ,916 Green Old Drive,Franklin Building,New Orleans,Utah,23345,US,884-635-9348,4736784388,bwbmpc65@uhotcc.net,Ronda Hendricks,252-1779891,Mr,,801,801,2019-07-26 05:28:24.860000000,004,True,True,Maurice,Kelli,
0000184611,Resapanover  ,219 Rocky Hague Road,Suite 657,Greensboro,Minnesota,88282,,973530-6089,2081896782,xjuvkzn.gwfwuqgbb@tgmuja.org,Ruby Campbell,670-747-6265,Miss.,,210,1210,2013-02-02 22:18:34.240000000,004,True,False,Kristina,Alyssa,2010-09-14 02:57:31.590000000
0000187229,Haperamex International ,182 Second Blvd.,Appartment 8,Oklahoma,Georgia,44497,US,307433-1833,212-6785570,memtlyv2@zcdtfr.org,Otis Mahoney,121-5986794,Mr,,730,1730,2011-11-13 23:06:14.090000000,004,False,True,Elisa,,
0000189119,Resipicator  ,892 White Second Road,After Sales Department,Toledo,Illinois,77695,US,117-738-6758,2108145977,ixiy.ckvqxjb@qaphusi.-hzecq.org,Sherri Cunningham,001-4321267,Mr,,325,1325,2006-02-20 03:25:52.880000000,004,False,True,Cary,Yolanda,
0000192056,Klitumexentor  ,365 Rocky Old Drive,3rd Floor,Baltimore,South Dakota,17944,US,181-376-8773,8400135651,fpgymbq325@-fmsnr.org,Gail Navarro,366-0445867,Miss,020,375,3020,2014-09-04 23:55:37.030000000,001,,True,Joan,,
0000193958,Tupnipegin Holdings ,368 Second Freeway,Roosevelt Building,San Antonio,Alaska,12832,US,1158338880,877728-9233,tqxqd.ezzzgtgfa@wetpghr.avhjrq.net,Natalie Mora,758-2258210,Ms,,790,1790,2018-01-03 07:41:50.560000000,004,False,True,Ruben,,2007-08-24 17:35:05.470000000
0000198363,Klikilanax International Group,45 Rocky First St.,3rd Floor,Des Moines,Nebraska,58593,US,0104957628,326-3611583,pqjr.jejyhnvxxd@xbvnt.q-cnng.com,Mandi Navarro,443877-3376,Miss.,,790,1790,2019-08-06 12:16:08.910000000,004,True,True,Tania,Victor,2015-02-18 11:01:48.680000000
0000204703,Dophupommentor International Corp.,821 South Rocky Nobel Parkway,Hamilton Building,Yonkers,Kansas,78831,,865-606-2490,4064342561,qahhs@v-cmkb.com,Kelvin Bonilla,284249-7230,Miss,,733,1733,2004-06-24 04:39:37.940000000,004,False,True,Kristin,,
0000204705,Superommower International ,48 Fabien Drive,After Sales Group,Cincinnati,West Virginia,22549,US,017-390-2012,133-1010012,qtvevih@svyjkm.org,Jeannette Weber,8169869971,Dr.,006,,3006,2006-10-27 20:29:29.090000000,001,True,False,Lindsay,,2004-11-09 20:01:44.420000000
0000205372,Upsapinex Direct Inc,56 East Nobel Blvd.,Suite 6,Spokane,Maine,21741,US,595005-8445,065-9522620,mkxxkh.iyjih@brplvps.-uwwio.net,Tamika Duffy,5754105281,Mr,,790,1790,2008-08-18 15:25:36.410000000,004,True,True,Ana,,
0000209663,Monbanin WorldWide ,62 First Street,633th Floor,Madison,New Hampshire,10713,US,2075619120,924-041-9892,mkknlkj.srbfknjt@libz.gmcygp.com,Donnell Mc Connell,570800-3020,Miss.,,801,1801,2006-06-13 16:45:58.780000000,004,False,False,Dennis,Dominic,2008-09-18 19:04:12.130000000
0000211669,Redimonar  ,818 Milton Street,3rd Floor,Richmond,New York,10460,CA,870731-2542,0724240128,pulc.vpwwbbct@bifbr.afmdau.org,Tanisha Patton,7122814591,Dr.,265,,3265,2009-09-14 08:31:15.810000000,002,False,True,Olga,,
0000213235,Growericator International Company,25 Fabien St.,Suite 2993,Hialeah,New Hampshire,53464,US,227-083-1353,690-3813997,iyzikzbn360@wxotejpi.rottrc.com,Sonny Williamson,655-5857835,Dr,,302,302,2010-10-24 14:05:13.170000000,004,False,True,Harry,Karl,2015-02-01 23:13:15.490000000
0000213858,Varvenicor WorldWide ,40 Green Oak Blvd.,Sales Group,Arlington,Indiana,38825,US,0357038550,072029-1570,uydyemd@ynvvrq.net,Henry Barron,730637-3799,Ms,,321,321,2012-10-16 18:21:16.420000000,004,False,True,Tera,,
0000215281,Updudor International ,88 White Old St.,After Sales Department,St. Louis,California,85272,US,808902-0058,9665844800,hrohsu41@bbipl-.net,Joe Austin,717627-1175,Mr,,530,1530,2005-08-10 05:15:42.510000000,004,True,True,Rogelio,Alisa,
0000222566,Surquestax Holdings ,66 White Fabien Road,Suite 4,Colorado,West Virginia,96859,US,2748560033,298-504-0470,sqhhed@hkzcvwvhc.kkledq.com,Morgan Foley,445-4234516,Mr,,330,330,2005-12-16 12:08:08.560000000,004,False,True,Connie,,
0000226533,Doperantor Holdings Company,88 North Green Nobel Freeway,2nd Floor,Oklahoma,Massachusetts,76948,US,089696-9064,8599692580,xstbtt@nthkfhikp.xriidx.net,Tabitha Nunez,6636076146,Dr.,,730,730,2017-04-03 16:17:40.480000000,004,True,True,Dale,Julius,2002-04-28 05:56:03.270000000
0000226585,Surjubax International ,62 Hague Avenue,1st Floor,Columbus,Missouri,36004,US,9719941141,265010-6453,cjut.vddkefuyqf@jvlpij.net,Kim Krueger,058157-8631,Dr,,790,1790,2004-11-27 16:26:57.570000000,004,False,True,Cheryl,Jeffery,
0000231051,Unmunentor International Group,415 Cowley Road,3rd Floor,Baltimore,Alaska,88154,US,703-372-0767,696863-7397,hlybbcic362@rmzrro.com,Natalie Patton,064541-3552,Mrs,,375,375,2017-10-05 22:56:54.840000000,004,True,True,Sheri,,2002-06-08 12:21:02.570000000
0000234288,Supzapentor  Inc,25 White Oak Street,Edison Building,Des Moines,Mississippi,88372,US,530-233-4750,042-708-7577,lwmxizar.rnbxbpipf@xxmdxi.net,Lamar Krueger,314832-1712,Dr.,,762,1762,2013-06-11 23:11:18.200000000,004,True,True,Dwight,,
0000240509,Addimefex Direct ,69 White Oak Drive,APT 1,Santa Ana,Minnesota,93619,US,182-0927622,4380472222,uvfbuc@esynnaso.kuiunq.net,Chester Bryan,0532345543,Mr,,704,1704,2007-10-08 11:04:47.480000000,004,False,True,Jonathan,,2006-03-06 06:56:55.330000000
0000247515,Winhupopax WorldWide ,182 Hague Freeway,Lincoln Building,Virginia Beach,North Dakota,04821,US,708-919-8539,322930-9969,nuci8@wzhaw-.org,Lorena Zimmerman,963-3010843,Dr.,,385,1385,2002-01-15 18:07:06.410000000,004,True,True,Jane,Michelle,
0000255263,Varvenepover Holdings ,653 West White Oak Freeway, Group,Oklahoma,North Dakota,14334,US,213-4670801,807-5604221,xckyqm661@xpoqjsqjy.vztjcy.org,Mickey Mcgrath,4649784517,Mr,,790,1790,2014-09-02 13:31:55.790000000,004,,True,Marsha,,2002-03-01 06:40:32.360000000
0000261038,Cipquestantor Holdings Group,12 South White New Blvd.,Franklin Building,Little Rock,Minnesota,91135,US,7962407263,659-2146465,ysjh.dnxoo@rgdyrc.net,Wayne Friedman,067-5940447,Mr,,750,1750,2000-05-27 08:23:12.490000000,004,True,False,,Troy,2008-02-23 23:41:26.390000000
0000263693,Trueror Holdings ,57 Green Oak Boulevard,4th Floor,Fort Wayne,Montana,79281,US,336-567-1156,621362-2262,ceylfv.gqbxnu@ferjvph.kkmhp-.net,Frances Huffman,3768519644,Mr,,321,321,2001-03-28 07:50:30.920000000,004,True,True,Micah,Abigail,
0000264778,Vardudan Direct Inc,69 Green Second Freeway,Suite 2616,Phoenix,Alabama,64863,US,834-651-0929,222-261-1955,zsuxur.gflh@bjhajx.org,Colin Fitzgerald,888-079-1151,Miss.,025,,3025,2004-11-17 23:04:55.800000000,001,False,True,Leslie,Terence,
0000266039,Hapsapan WorldWide ,63 East Green Second Parkway,APT 30,Lubbock,Utah,08353,US,148500-9404,554-0925445,atvfi9@dbrdfrsno.zbvrov.com,Vicky Dunlap,009116-0905,Mr,314,321,3314,2014-08-31 05:40:04.010000000,001,True,True,Shauna,,
0000267737,Doprobicator International ,20 White Nobel Parkway,Appartment 17,St. Petersburg,Tennessee,88860,US,226-891-2306,675-1145668,gyaubqm326@ohfmgo.com,Martha Hill,880-5600434,Dr.,,790,1790,2014-09-07 15:08:26.450000000,004,True,False,Matt,Patrick,
0000268567,Repebantor  Group,83 North Milton Blvd.,Customer Department,Garland,Georgia,02347,US,212-9787348,372-320-0985,vrpddpt.tesw@lslzpi.mxpfhf.net,Regina Mckenzie,009005-3686,Mr,025,,3025,2009-10-13 21:11:36.720000000,001,True,True,Bobbi,Rick,2001-03-12 12:46:29.580000000
0000275912,Truwerpicar International Company,259 Green Fabien Street,After Sales Group,Anchorage,Hawaii,55114,US,1066080306,052-0534417,swfnve.ehgunu@-wjzdj.net,Kelly Barrera,7665638545,Dr,006,715,3006,2001-12-06 03:27:43.500000000,001,True,True,Josephine,Trisha,
0000284151,Mondudplazz  ,532 White Nobel Road,Suite 35,Tacoma,Vermont,71525,US,529-7033521,528-4908885,xyib1@clelimh.meaqfd.org,Marcia Horn,441-471-7510,Mr,025,390,3025,2019-01-16 01:57:23.480000000,001,True,True,Dennis,,2015-07-09 13:14:03.840000000
0000284523,Trucadupar WorldWide ,195 Cowley Parkway,Post Sales Department,Honolulu,Nebraska,22860,US,600102-4438,801-633-8618,zbydvezy.rydxuhof@gkig.vftxxm.net,Kelley Kline,2035769354,Mr,,790,1790,2017-09-02 23:29:21.490000000,004,False,False,Gretchen,Nick,
0000288099,Emvenopar WorldWide Company,29 White Second Drive,2nd Floor,Jacksonville,Texas,87466,US,176-026-5705,6373048565,nnmfokuo.ubsko@cebcbb.net,Willie Larsen,796-662-9379,Dr.,,790,1790,2012-10-09 19:39:29.170000000,004,False,True,Carolyn,,
0000289361,Rapbanaquax Holdings Group,80 Rocky Cowley Freeway,Anthony Building,Omaha,Vermont,62008,US,8896443008,588971-5812,fnaidexr.oozrf@yulhgp.com,Marlene Mc Clure,845-7257496,Mr,,790,1790,2001-08-14 17:00:30.370000000,004,False,False,Olga,John,2017-02-15 12:25:08.070000000
0000293508,Innipentor  ,557 South Second Blvd.,Suite 20,Stockton,Louisiana,32156,US,951094-4575,430121-5928,qaltfkky22@idic.gqzmkb.org,Jami Francis,395-5457405,Mr,,855,1855,2017-12-14 06:22:00.820000000,004,False,True,Kate,,
0000294348,Indimilantor Direct ,791 White Hague Boulevard,3rd Floor,Memphis,Hawaii,35360,US,330-769-0329,942-7204124,lblfa54@swotyqcba.lxucns.net,Randy Berg,299-989-0838,Mr,,140,140,2016-12-09 13:34:59.200000000,004,True,True,Glenda,,
0000297897,Qwibanazz International Group,96 Green Milton Road,Roosevelt Building,Nashville,Utah,90352,US,776-819-1937,2169785603,yukbyjrm.cbxkutyf@lkdisp.org,Darrell Weeks,6440770978,,,730,1730,2008-07-21 20:03:36.260000000,004,False,True,Darlene,Nelson,
0000299463,Lomwerar International ,973 West Green Old Way,Pre Sales Department,Colorado,Wisconsin,90223,US,729826-5561,509-8462242,yfkbvuc5@nhlqdz.tnyfxe.org,Shelley Knight,407-892-0273,Mr,121,540,3121,2001-12-21 13:39:47.510000000,001,True,True,Gabriela,Casey,2013-06-09 23:43:42.240000000
0000301793,Tipkilex Holdings ,35 Second Way,Post Sales Department,Riverside,South Carolina,15863,US,1531177505,449-606-1439,jkujwcdw@imgnkbvj.lkjapc.com,Carrie Solomon,9150289370,,,103,1103,2003-02-14 12:30:12.900000000,004,False,True,Tisha,,
0000306938,Thruhupedgower Holdings ,584 Rocky Fabien Way,Suite 4,Detroit,Florida,44153,US,633357-8942,8557899559,lyjjreo.krinnxrpa@kczr.iogwls.net,Olga Zuniga,757-5939044,Dr.,,700,700,2013-09-30 10:45:51.120000000,004,False,False,Diana,,
0000308064,Adweristor Direct ,35 West New Street,Sales Group,Glendale,Utah,47296,US,440746-4630,700-8665694,sdld94@bdqrus.com,Gabriel Shaw,476-5535831,Mr,,785,1785,2018-07-21 00:12:35.730000000,004,True,True,Megan,Joseph,
0000311927,Upwerpegan  ,101 West First Boulevard,Suite 9965,Tucson,Indiana,52955,US,282-972-3274,710849-4786,stabbd.dldzp@lbqtwnyjk.iinqfu.com,Jose Chaney,896-0614159,Miss.,,790,1790,2015-07-16 01:27:23.500000000,004,True,False,Melinda,Sheri,2010-05-28 04:30:39.230000000
0000313089,Qwierex International Company,570 Rocky Hague Blvd.,Suite 735,Greensboro,Maine,50578,US,207541-5407,7231567000,fhzwldk.iqcqibt@uhxmk.zsbsc-.org,Mandy Leon,798782-0786,Dr,044,502,3044,2003-11-26 13:15:48.660000000,001,True,False,Stacey,Tom,
0000315667,Varquesticantor Holdings Corp.,19 East Oak Blvd.,APT 4,Minneapolis,West Virginia,11000,US,980-260-5585,1313778175,ewpbmovr68@pqgurz.net,Louis Mullins,551-7330725,Mr,,390,1390,2003-10-10 19:03:06.080000000,004,True,False,Brent,Salvatore,2002-08-27 16:47:18.410000000
0000320082,Vardimupantor International Inc,660 East White Milton Road,After Sales Department,Cleveland,Oklahoma,22543,CA,6209397604,8186061545,psiyxwp73@wxbsoj.org,Latoya Hardy,855-0231929,Mrs,256,000,1256,2018-08-22 02:15:20.930000000,002,False,True,Gloria,,2016-09-02 05:12:35.140000000
0000321281,Injubower Holdings Inc,651 South Cowley Parkway,2nd Floor,El Paso,Oklahoma,18808,US,698440-8259,229259-8962,ptpsjbl@-hnota.com,Jonathon Clements,115-7961768,Ms,,790,1790,2004-12-27 10:51:08.530000000,004,True,True,Pamela,,2012-12-20 01:38:14.790000000
0000326327,Tipfropaquex WorldWide ,728 Nobel Road,APT 5,Montgomery,South Carolina,89731,US,289-382-3802,559887-9986,pgciioq24@i-vjmf.com,Krystal Camacho,226538-6021,Mr,,390,390,2015-07-17 05:42:19.720000000,004,False,True,Manuel,,2004-07-01 23:06:05.620000000
0000327707,Frosipilin International ,625 New Way,Truman Building,Honolulu,Louisiana,46320,US,9148329250,216658-8182,zdxxtzt.hhgjoulauw@kchcrbj.gzwqey.org,Rex Vargas,083-4589934,Mr,,790,1790,2000-12-03 01:18:53.030000000,004,False,True,Frederick,,
0000330329,Tipwerimower International ,140 East Fabien Freeway,6th Floor,Little Rock,Georgia,26755,US,500-611-6788,087-495-5343,volzd167@jibe.-uetld.net,Cesar Woodward,5006945564,Mr,,395,395,2001-02-19 06:43:57.120000000,004,False,False,Chandra,,2001-08-26 16:55:15.090000000